sbscrbr,user_id,Gender,Status,D.O.B.,Address,State_CD
2152390595,Sandor_Coakley,M,Married,9/9/1989,"8220 South Maiden Lane  Duluth, GA 30096",
2363222315,Lyn_Maude,F,Single,3/1/2006,"4 Old York Court  Ashburn, VA 20147",
8031777977,Garnette_Clowton,M,Divorced,1/26/1982,"65 Harvey Rd.  Shrewsbury, MA 01545",
3324245844,Lark_Goodwins,F,Single Parent,7/8/1998,"100 Mountainview St.  Burke, VA 22015",
4344459543,Benedikta_Kainz,M,Single,1/18/1989,"951 King Court  Grove City, OH 43123",
5824167174,Dyane_Lynam,F,Married,5/22/2002,"157 W. Anderson St.  Farmington, MI 48331",
9137031157,Urson_Andersson,F,Married,2/1/2002,"596 Rock Creek Street  Livonia, MI 48150",
6574560964,Caralie_Ager,M,Married,8/31/1986,"58 South Glen Creek Lane  Ankeny, IA 50023",
8507144831,Sherlock_McJury,F,Married,5/31/1992,"47 Honey Creek St.  Elkridge, MD 21075",
1058852350,Pyotr_Fosken,F,Married,8/13/1988,"182 Coffee Ave.  Vista, CA 92083",
5879009159,Elicia_Lamport,F,Married,10/2/1985,"17 N. Windsor St.  Deerfield, IL 60015",
7598506704,Viola_Braham,M,Married,5/30/1988,"33 Old Temple Drive  Carmel, NY 10512",
8084937991,Ernst_MacGuffie,F,Married,9/4/1996,"142 Halifax Street  Pawtucket, RI 02860",
2749173407,Norean_Bestall,F,Married,3/13/2003,"8827 Mechanic St.  Coraopolis, PA 15108",
2021807324,Farah_Meletti,M,Married,8/2/1981,"7479 Sage Court  Grand Blanc, MI 48439",
8775599439,Alberto_Quadri,F,Married,5/7/1987,"285 SE. Plymouth Ave.  Dorchester Center, MA 02124",
4682544228,Alica_Kloisner,F,Married,12/30/1990,"55 West Spring Drive  Waterloo, IA 50701",
7615701682,Genovera_Crimpe,M,Married,5/1/1980,"25 South Tarkiln Hill Road  Romulus, MI 48174",
6515664166,Jeffrey_Forde,F,Married,3/31/2011,"72 Sunset St.  Rolling Meadows, IL 60008",
2027766534,Ernaline_Meyrick,M,Married,7/21/1977,"8 Whitemarsh Street  Marshfield, WI 54449",
9866590863,Lucienne_Manford,F,Married,5/3/1989,"9694 Durham Dr.  Gibsonia, PA 15044",
9727152829,Kanya_Spaughton,M,Married,2/6/2005,"48 Pleasant Ave.  Richmond, VA 23223",
3932646752,Alaster_Papaccio,F,Married,7/1/2000,"8300 Surrey Ave.  Hopewell Junction, NY 12533",
2699592901,Mandi_Diter,F,Married,10/1/1999,"866 Peg Shop Street  Braintree, MA 02184",
4196949779,Olivero_Avis,M,Married,2/3/2001,"431 Bridle Drive  Oak Park, MI 48237",
7969044816,Loreen_Bilofsky,F,Married,8/20/1992,"504 Rock Creek St.  Sioux City, IA 51106",
7848228476,Paco_Jonson,F,Married,8/19/2012,"644 Myrtle Dr.  Bemidji, MN 56601",
3595480181,Else_Boggs,F,Married,12/30/2000,"61 Washington Drive  Burnsville, MN 55337",
3854509678,Georgine_Hymer,M,Married,5/29/1976,"2 W. San Pablo Road  Sterling Heights, MI 48310",
7576518626,Portie_Lowres,F,Married,3/23/1992,"28 Henry Smith Drive  Fort Lee, NJ 07024",
9194468242,Barbaraanne_Ovid,F,Married,8/17/1974,"376 Cleveland Street  Milford, MA 01757",
5062718206,Eolande_Pauncefoot,M,Married,1/6/1997,"481 Hillside Street  East Elmhurst, NY 11369",
9497883803,Valene_Witt,F,Married,10/31/1984,"177 South Street  Sterling, VA 20164",
3754689807,Gwenora_PendeSLVR,F,Married,1/30/1985,"8308 Colonial St.  Colorado Springs, CO 80911",
3819802443,Ashley_Thomke,M,Married,6/13/1973,"9212 Marlborough Lane  Calhoun, GA 30701",
1446730539,Kellen_Willatts,F,Married,11/18/1980,"97 Overlook Court  Council Bluffs, IA 51501",
3144967947,Odelinda_Purdy,M,Married,4/22/2012,"64 Summit St.  Hampton, VA 23666",
8632541976,Jeanelle_Sneden,F,Married,8/27/1980,"127 Talbot Lane  Decatur, GA 30030",
4892011670,Weston_Mowling,M,Married,10/9/2011,"9601 Berkshire St.  Midland, MI 48640",
4681738720,Sigrid_Bellwood,F,Married,7/29/2000,"296 Railroad Drive  Harrison Township, MI 48045",
6788186529,Luis_Mallan,F,Married,8/19/1977,"8088 South Selby St.  Merrimack, NH 03054",
5706085789,Merissa_Desquesnes,M,Married,6/4/1991,"488 Homestead Street  Simpsonville, SC 29680",
6138634859,Nolana_Fairhead,F,Married,6/30/2015,"8790 Westminster St.  Seymour, IN 47274",
4321819908,Anabel_Currin,F,Married,8/16/2007,"8245 Arcadia Ave.  Hackensack, NJ 07601",
5218485221,Celestia_Boyne,F,Married,4/2/1977,"453 E. Plymouth Ave.  Lynchburg, VA 24502",
8029855518,Rodrick_Lamberts,M,Married,9/24/1989,"84 College Street  Faribault, MN 55021",
9425409194,Husein_Gaskin,F,Married,8/15/1981,"755 Pumpkin Hill Drive  Evansville, IN 47711",
7125213137,Kimberlyn_Tidridge,F,Married,9/16/1985,"96 Belmont Ave.  Skokie, IL 60076",
9285714279,Nicol_Andrea,M,Married,1/15/2012,"570 N. Wellington Ave.  Owensboro, KY 42301",
7444122122,Stephi_Boote,F,Married,12/30/1984,"7136 Hudson Street  Olive Branch, MS 38654",
3078473293,Carma_Cornier,F,Single,8/2/1978,"418 Edgewater Drive  Upper Marlboro, MD 20772",
7069570356,Liuka_Dudson,M,Single,2/5/1997,"8394 Green Lake Lane  Parkville, MD 21234",
7186626560,Trix_Pettingill,F,Single,1/11/2002,"9358 Glenwood St.  Warner Robins, GA 31088",
6774425950,Shay_Niland,M,Single,8/5/1973,"7398 West Brickyard Road  Anoka, MN 55303",
8483040830,Orion_Stickens,F,Single,3/6/2010,"7 Green St.  Lagrange, GA 30240",
7685734946,Lynnette_Leitche,M,Single,1/24/1995,"756 Airport St.  Snellville, GA 30039",
8615221158,Jane_Marjoribanks,F,Single,9/27/1998,"9811 SW. River St.  Waterbury, CT 06705",
7822494852,Genovera_Loach,F,Single,3/24/2005,"92 Poor House Avenue  Atlanta, GA 30303",
1378147552,Elton_Hynard,M,Single,9/14/1989,"80 E. Glen Eagles Drive  Bowling Green, KY 42101",
2173622328,Virginia_Werrilow,F,Single,7/1/2009,"7 Tanglewood St.  Harrisonburg, VA 22801",
1716595282,Lorine_Horry,F,Single,9/20/1994,"43 Blue Spring Rd.  Lynnwood, WA 98037",
2071887566,Sigismund_Tipler,F,Single,3/3/1985,"7 Pine St.  Passaic, NJ 07055",
7438259036,Lenka_Baus,M,Single,11/12/2012,"719 Oklahoma St.  Marietta, GA 30008",
7002374115,Bess_Farfalameev,F,Single,5/1/2004,"9752 Livingston Ave.  Teaneck, NJ 07666",
6791200457,Hatty_Butt,F,Single,9/3/2006,"9303 Kingston Ave.  Westmont, IL 60559",
9253308967,Artus_Lamzed,M,Single,2/19/1991,"28 Peninsula Court  Hartsville, SC 29550",
9364188816,Veronique_Gringley,F,Single,9/19/2004,"632 East Pilgrim Court  Leominster, MA 01453",
9025695205,Gradey_Galbraith,F,Single,6/16/1983,"81 Big Rock Cove St.  Athens, GA 30605",
7736804460,Magnum_Bullocke,M,Single,8/1/1995,"8713 Schoolhouse Lane  Grovetown, GA 30813",
1156500870,Robina_Offener,F,Single,3/6/2002,"86 Clay Ave.  Fort Wayne, IN 46804",
7664570754,Pattie_Barten,M,Single,3/21/1991,"730 Marvon Dr.  Coventry, RI 02816",
8525805034,Gabriella_Dominico,F,Single,4/21/1996,"129 Jefferson Lane  Sulphur, LA 70663",
1681438737,Belita_Szymanowicz,M,Divorced,1/31/1983,"8140 Border Drive  Geneva, IL 60134",
5734278389,Renaud_Mardy,F,Divorced,10/4/1983,"177 Lake Lane  Iowa City, IA 52240",
5843788607,Virge_Mapledoore,F,Divorced,2/14/2000,"8346 Cedar St.  Deer Park, NY 11729",
3459231640,Andrey_Antonowicz,M,Divorced,7/8/1998,"21 N. Greenview St.  Freehold, NJ 07728",
5681497688,Stella_Searles,F,Divorced,9/22/2008,"9628 Kingston St.  Myrtle Beach, SC 29577",
9045364026,Waneta_Spyer,F,Divorced,6/23/2004,"4 Main St.  Derry, NH 03038",
1762362430,Philis_Letson,F,Divorced,6/2/2005,"8011 Cemetery Ave.  Abingdon, MD 21009",
7596664730,Shanan_Lye,M,Divorced,2/10/1999,"992 Ohio Court  Monroeville, PA 15146",
1628575491,Jeana_Feltoe,F,Divorced,11/4/1978,"916 East Tower Avenue  Palatine, IL 60067",
8107160143,Myrtie_Kissack,F,Divorced,4/20/1973,"43 S. Coffee Street  Banning, CA 92220",
2158656002,Kori_Klimov,M,Divorced,9/23/2000,"5 Greystone Dr.  Lanham, MD 20706",
4215863595,Evelyn_Lindl,F,Divorced,3/23/2001,"8046 Hamilton St.  Murrells Inlet, SC 29576",
3744207447,Carrol_Fesby,F,Divorced,6/30/1989,"9883 Peg Shop Dr.  Woodstock, GA 30188",
5227746632,Elna_McKillop,M,Divorced,3/13/1999,"69 Edgefield Rd.  West Orange, NJ 07052",
9284374442,Natale_Thowless,F,Divorced,4/9/2010,"724 Dunbar Dr.  Schenectady, NY 12302",
5679471075,Yves_MacKowle,M,Divorced,10/21/2003,"7060 W. County St.  Mansfield, MA 02048",
6768908786,Renae_Noar,F,Divorced,1/8/2010,"601 West Sunnyslope Street  Muscatine, IA 52761",
4128074500,Cathi_Rangall,M,Divorced,9/27/2002,"994 Boston St.  Knoxville, TN 37918",
2343036738,Jacki_Schrader,F,Divorced,9/27/1986,"4 NE. Applegate Street  Naples, FL 34116",
3778885193,Beckie_Bulled,F,Divorced,10/30/1981,"8900 South Van Dyke Ave.  Ashtabula, OH 44004",
8626246544,Aurelea_Jakubczyk,M,Divorced,3/10/1984,"27 Sunnyslope Avenue  Dallas, GA 30132",
3476120177,Milly_Ziemen,F,Divorced,12/10/1981,"9284 N. Maiden St.  Gloucester, MA 01930",
2722569907,Hilton_Alessandretti,F,Divorced,3/18/2000,"7758 Sugar Street  Smyrna, GA 30080",
1803505188,Melessa_Lugton,F,Divorced,4/30/1975,"7483 Bayberry St.  North Fort Myers, FL 33917",
6758538121,Norry_Foldes,M,Divorced,4/27/1994,"25 South Rock Maple Ave.  Urbandale, IA 50322",
2933796130,Paolina_Dwyer,F,Divorced,2/16/1978,"91 Third Ave.  Burlington, MA 01803",
1225292696,Marcellina_Bellow,F,Single Parent,4/25/1995,"8612 Annadale St.  Orange Park, FL 32065",
7144320159,Elisha_Vlach,M,Single Parent,5/26/2000,"8394 Virginia Road  Port Chester, NY 10573",
2096627248,Erl_Clare,F,Single Parent,6/8/1978,"22 NW. Durham St.  Webster, NY 14580",
9247745823,Hurley_Dufoure,F,Single Parent,3/26/1980,"134 W. Anderson St.  Wisconsin Rapids, WI 54494",
7724373489,Devondra_Sapey,M,Single Parent,6/8/1995,"137 Tailwater Ave.  Galloway, OH 43119",
5478498273,Jami_Wingrove,F,Single Parent,12/26/1981,"8138 North Cedar Swamp Rd.  Grand Forks, ND 58201",
1194173819,Lindsay_Scallan,M,Married,11/28/1987,"786 Canal Lane  Redford, MI 48239",
8094399441,Anastasie_Husk,F,Married,11/7/1986,"94 Beacon St.  Palm City, FL 34990",
7604773167,Robbie_Blodgetts,M,Married,11/8/1991,"81 Richardson St.  Granger, IN 46530",
2718940218,Jemima_Andrassy,F,Married,2/16/1995,"112 Silver Spear Road  Bethlehem, PA 18015",
8316239397,Norry_Klaff,F,Married,6/17/1981,"9431 Mechanic Court  Brockton, MA 02301",
5992394306,Loree_Joubert,M,Married,5/31/2010,"122 Anderson St.  Floral Park, NY 11001",
1212756925,Barton_Greeves,F,Married,10/17/1998,"197 East Fordham Dr.  Cary, NC 27511",
4893847672,Peyter_Abbatucci,F,Married,3/8/1982,"49 Oak Valley Court  Fort Myers, FL 33905",
2803269101,Fallon_Rowesby,F,Married,10/1/1986,"9792 Boston Lane  Montgomery, AL 36109",
6351921536,Tally_Beneze,M,Married,2/1/2008,"3 Chapel St.  Hampton, VA 23666",
3267009970,Rutledge_Guyet,F,Married,7/28/1983,"9507 Jockey Hollow St.  Bozeman, MT 59715",
6847541761,Heath_Kanwell,F,Married,6/19/1995,"9204 Glen Ridge Ave.  Bluffton, SC 29910",
5901445460,Wilmar_Goring,M,Married,1/17/1989,"9457 Philmont Drive  Scarsdale, NY 10583",
5137162047,Ly_Leebeter,F,Married,2/18/1974,"888 E. Third St.  Wayne, NJ 07470",
8863450411,Camellia_Fomichkin,F,Married,9/19/1999,"9111 E. Prospect St.  Orland Park, IL 60462",
2685892262,Christoper_Eberz,M,Married,12/12/1985,"7307 S. Edgemont Ave.  Uniondale, NY 11553",
7098691164,Dyann_Blackborne,F,Married,2/6/1997,"8235 South Prairie St.  Newnan, GA 30263",
2012209032,Clem_Castagna,M,Married,10/8/1979,"712 Front Lane  Ypsilanti, MI 48197",
6814987711,Corena_Vaines,F,Married,4/13/2012,"9258 James Street  Ottumwa, IA 52501",
7573494558,Sal_Pedri,M,Married,2/22/1983,"9426C Summerhouse Rd.  Schenectady, NY 12302",
9901219983,Yoshiko_Cestard,F,Married,2/19/1995,"666 East Ave.  Taylors, SC 29687",
8224203358,Kimberly_Naul,F,Married,1/7/2011,"7179 Brook Ave.  Romulus, MI 48174",
3601947220,Marjie_Widd,M,Married,9/15/1992,"760 Newbridge St.  Ravenna, OH 44266",
9841422344,Haily_Jaquest,F,Married,5/2/2014,"75 Arlington Dr.  Phoenix, AZ 85021",
1128050885,Calley_Critchell,F,Divorced,10/28/1994,"88 Sutor Street  West Bloomfield, MI 48322",
5395446628,Antonia_Spohrmann,F,Divorced,9/3/2010,"1 Virginia Dr.  Philadelphia, PA 19111",
5825328583,Electra_Whyard,M,Divorced,11/24/1989,"160 Deerfield Road  Camas, WA 98607",
2034962840,Charissa_Bootell,F,Divorced,4/10/1975,"998 Depot Road  Fullerton, CA 92831",
3644230143,Fran_Bowerbank,F,Divorced,8/4/2002,"9096 Bridge Ave.  Montgomery Village, MD 20886",
4801357382,Orazio_Hounihan,M,Divorced,7/28/2001,"3 Arlington Dr.  Upper Darby, PA 19082",
5611334030,Nickolai_Gregoratti,F,Divorced,11/30/1997,"319 East Marvon Ave.  Chicago Heights, IL 60411",
9579094994,Bealle_Wisam,F,Single,9/7/2008,"16 Peachtree Dr.  Windsor Mill, MD 21244",
1315416829,Ruttger_Lyes,M,Single,5/13/1991,"9955 Highland St.  Mechanicsville, VA 23111",
7363117661,Karylin_Impson,F,Single,3/7/1998,"9960 Linden St.  Piqua, OH 45356",
2405618454,Austen_Lightbown,M,Single,7/24/1987,"8172 Purple Finch Street  Boston, MA 02127",
2145157625,Christyna_Marvin,F,Single,2/6/1998,"8884 San Carlos Lane  Greenville, NC 27834",
6854050411,Billie_McEachern,M,Single,12/20/1973,"98 Gartner Dr.  Decatur, GA 30030",
6317881902,Clarinda_Seamons,F,Single Parent,9/8/1985,"229 Arlington St.  Casselberry, FL 32707",
6651906148,Cinnamon_Hearons,F,Single Parent,5/18/1990,"16 Ridgeview Street  Muskego, WI 53150",
2959157218,Linn_Venton,M,Single Parent,12/19/2011,"9 Courtland Street  Murfreesboro, TN 37128",
8188114382,Anatola_Stripling,F,Single Parent,7/21/1975,"47 Shipley Street  Rego Park, NY 11374",
9081936370,Vincent_Shevill,F,Single Parent,4/13/1999,"6 Randall Mill Drive  Egg Harbor Township, NJ 08234",
1044946240,Bendicty_Corinton,F,Single Parent,8/1/1983,"44 West Pierce Ave.  New Berlin, WI 53151",
6878617338,Malva_Yegorshin,M,Single Parent,6/12/1975,"138 Southampton Circle  Oak Lawn, IL 60453",
2067464136,Mahala_Loxley,F,Single Parent,8/7/1981,"9387 Homewood Drive  Canandaigua, NY 14424",
2404718927,Hillyer_Traves,F,Single Parent,12/30/2007,"9654 Yukon Road  New Milford, CT 06776",
7632184391,Lorianne_Maddison,M,Single,12/17/1977,"846 Gartner Court  Moses Lake, WA 98837",
7418051999,Jareb_Shorey,F,Single,12/31/1998,"160 Illinois St.  Cherry Hill, NJ 08003",
8993240185,Gerhardine_Curnick,F,Single,7/15/1986,"17 Wood St.  Manahawkin, NJ 08050",
8122533428,Jody_Farnworth,M,Single,1/16/2007,"62 N. Paris Hill Drive  Madisonville, KY 42431",
8466432146,Kym_Heatherington,F,Single,6/11/1976,"25 Cottage Street  Beckley, WV 25801",
6205919109,Sheridan_Edwins,M,Single,10/12/1989,"7299 Lees Creek Street  Astoria, NY 11102",
3039075970,Sofie_Stangoe,F,Single,2/7/2000,"171 Cambridge Street  New Lenox, IL 60451",
5621538689,Christabella_Lowfill,M,Single,10/26/2002,"466 Green Lake Ave.  Antioch, TN 37013",
9188444729,Isabelita_Perl,F,Single,12/26/1993,"99 Brookside Court  Dothan, AL 36301",
1969257912,Dede_Rowthorne,F,Single,5/17/2011,"81 Ocean Street  Glendale Heights, IL 60139",
9926613092,Ula_Peploe,M,Single,6/24/2006,"8998 2nd Street  Sunnyside, NY 11104",
2495470728,Loise_Bruno,F,Single,2/9/2011,"7 W. Riverview Lane  New York, NY 10002",
5004679267,Corinna_Friberg,F,Single,8/30/1992,"72 San Carlos Drive  Evansville, IN 47711",
6263159742,Darnell_Dot,F,Single,6/27/1980,"9613 Brookside St.  Midlothian, VA 23112",
7107769929,Elsie_Leyton,M,Single,9/2/2014,"9359 Ridgeview St.  Pelham, AL 35124",
2674456867,Bettye_Plaskitt,F,Single,2/27/1983,"97 Blackburn Road  Belleville, NJ 07109",
4121356216,Linea_Carillo,F,Single,3/2/1979,"8852 Cobblestone Court  Coventry, RI 02816",
1298634552,Guglielma_Coulter,M,Married,12/8/1994,"7307 Park Street  Jacksonville Beach, FL 32250",
1164361589,Brew_Storch,F,Married,6/28/1991,"627 Grove Street  Riverside, NJ 08075",
6881006493,Kristy_Pardal,F,Married,2/17/2015,"7347 Brook Road  Winter Springs, FL 32708",
4131561011,Mordecai_Edmead,M,Married,8/26/1984,"9473 Buckingham Street  Muskogee, OK 74403",
2045458957,Fanechka_Walters,F,Married,6/14/1981,"8185 Beach Street  Voorhees, NJ 08043",
1279956023,Rora_Tour,M,Married,7/10/1978,"8980 Brook St.  State College, PA 16801",
8749717044,Harlene_Skelton,F,Married,12/2/1977,"8785 Circle St.  Thibodaux, LA 70301",
2111376311,Arvin_Huge,M,Married,8/25/1998,"7763 Manor Lane  Macon, GA 31204",
9628113723,Desirae_Matthews,F,Married,11/18/2014,"385 Princeton St.  Westbury, NY 11590",
3283090681,Farand_Lambshine,F,Married,11/2/1992,"201 Hillcrest St.  Battle Ground, WA 98604",
5962292272,Shamus_Longo,M,Married,6/12/2002,"7 W. Fairfield Ave.  Marlborough, MA 01752",
4306713388,Josias_Esome,F,Married,2/19/1977,"9880 Ramblewood Ave.  Myrtle Beach, SC 29577",
8296472968,Bonnee_Heathwood,F,Married,10/8/1982,"3 Grand Drive  East Stroudsburg, PA 18301",
2104385835,Lark_Goor,F,Married,5/25/1999,"856 Sleepy Hollow Ave.  Newburgh, NY 12550",
3396476606,Carolynn_Dimsdale,M,Married,3/11/1984,"148 Inverness St.  Watertown, MA 02472",
5415554075,Rosina_Alwood,F,Married,1/13/1973,"7077 Shub Farm St.  West Fargo, ND 58078",
7411605846,Niall_Burgett,F,Married,6/19/1980,"9781C East Canal Court  Bridgeport, CT 06606",
2849885241,Huntley_Polo,M,Married,5/22/1983,"35 Princeton Street  Macungie, PA 18062",
7141924469,Mort_Ledekker,F,Married,4/5/1998,"754 Mayfair Ave.  Conyers, GA 30012",
5426493791,Krystle_Mowat,F,Married,6/22/1985,"501 Proctor Ave.  Amityville, NY 11701",
6196705105,Kelcey_Hancke,M,Married,3/8/1989,"32 Hillcrest Ave.  Chandler, AZ 85224",
6731414098,Donalt_Hann,F,Married,7/24/1979,"8167 Briarwood St.  Lawndale, CA 90260",
3783119554,Anastassia_Guidi,M,Married,7/9/1994,"8699 S. Mountainview Ave.  Yorktown, VA 23693",
1392586111,Brianne_Strauss,F,Married,9/10/2004,"764 Nichols Drive  Lilburn, GA 30047",
5565759548,Mead_Gristwood,M,Divorced,4/27/1980,"84 Jennings Dr.  Saint Albans, NY 11412",
9244884405,Yance_Rickword,F,Divorced,1/14/2005,"301 Pawnee Street  Beloit, WI 53511",
8982823617,Nessi_Blowick,F,Divorced,12/30/2010,"8 Pacific Road  Newton, NJ 07860",
9187618409,Tim_McCane,M,Divorced,8/24/1997,"656 Lantern Avenue  Bayonne, NJ 07002",
7763069065,Allina_Trounce,F,Divorced,7/22/2008,"515 Argyle Dr.  Henderson, KY 42420",
8984183809,Halsey_Cormode,F,Divorced,1/17/2009,"60 N. Strawberry Street  King Of Prussia, PA 19406",
8448820744,Gunar_Seed,F,Divorced,8/16/1996,"7397 E. Sycamore Drive  Chippewa Falls, WI 54729",
7231645076,Trudi_O'Hickee,M,Divorced,2/22/1995,"8645 Pennington Street  Kingsport, TN 37660",
3912929272,Averyl_Franzoli,F,Divorced,7/12/1980,"602 Temple Dr.  Neptune, NJ 07753",
9096580621,Scarlett_Burchill,F,Single,12/23/2007,"58 Courtland Rd.  Independence, KY 41051",
1416406023,Cathyleen_Falshaw,M,Single,11/13/2001,"6 Olive Lane  Riverview, FL 33569",
6581283426,Wrennie_Stanbridge,F,Single,12/30/1995,"721 Vale St.  Chardon, OH 44024",
4826415132,Huberto_Erskine,F,Single,5/30/1987,"8312 Smoky Hollow Street  Evanston, IL 60201",
6188898897,Raeann_Lowey,M,Single,4/30/2009,"179 West Windfall Circle  Macomb, MI 48042",
9717478738,FSLVRdie_Arnke,F,Single,6/10/1993,"30 Homewood St.  Elmont, NY 11003",
5625187837,Alden_Greave,M,Single,5/30/1990,"809 Golf Rd.  Lakewood, NJ 08701",
5432743546,Carmine_Mcettrick,F,Single,6/6/1997,"281 Sunbeam Ave.  Ashtabula, OH 44004",
6454455147,Daryl_Bartosinski,M,Single,8/25/1980,"629 Spruce St.  Danbury, CT 06810",
1558205599,Stanton_Rylstone,F,Single,11/7/1996,"54 Miles Ave.  Dothan, AL 36301",
8301077049,Sada_Fairfoull,F,Single,12/16/1997,"337 Jefferson St.  Columbus, GA 31904",
1966892732,Raleigh_Snar,M,Single,11/17/2006,"996 Squaw Creek St.  Enterprise, AL 36330",
3996448723,Wye_Helbeck,F,Single,9/14/1985,"46 Howard Ave.  Wantagh, NY 11793",
2995186931,Morrie_Nesby,F,Single,5/26/1992,"25 Redwood Street  Banning, CA 92220",
8056001779,Hinda_Berardt,F,Single,10/6/1996,"50 Pearl Rd.  Toms River, NJ 08753",
3819572498,Darbie_Townson,M,Single,2/6/1986,"8034 Oak St.  Arlington, MA 02474",
5242707036,Solomon_StSLVRwick,F,Single,7/1/1994,8362 Bayport Street  Apt 63 ,
5034508847,Briny_Chastaing,F,Single,9/10/2010,"Santa Cruz, CA 95060 400 Beechwood Street ",
4557788758,Kile_McPharlain,M,Single,12/29/1994,"Canfield, OH 44406 237 Overlook Street ",
1064647844,Stephenie_Florentine,F,Single,11/26/1978,"Plainview, NY 11803 36 Silver Spear Ave. ",
8013507831,Romy_Draper,F,Single,10/10/1977,"Sykesville, MD 21784 9011 Whitemarsh Court ",
7226428738,Nessy_Gerholz,M,Single,3/3/1992,"El Paso, TX 79930 682 Race St. ",
1597163259,Alair_Jacobi,F,Single,2/12/1999,"Columbia, MD 21044 798 Pleasant St. ",
4345609670,Iorgo_Whitehead,M,Single,6/7/1989,"Wadsworth, OH 44281 175 S. Primrose Street ",
6989783465,Una_O'Lagen,F,Single,9/8/1998,"Wellington, FL 33414 8 Hawthorne Ave. ",
3654410773,Chaim_Jobbing,M,Divorced,4/19/2012,"Stuart, FL 34997 50 Woodside Drive ",
7871279927,Jaquelin_Moyse,F,Divorced,6/9/1992,"Lake Worth, FL 33460 863 Oakwood Ave. ",
8847580622,Wilmer_Tregonna,F,Divorced,9/10/2010,"Brick, NJ 08723 62 Shadow Brook Ave. ",
1594446082,Emelen_Rabbitt,M,Divorced,3/19/1977,"Bethel Park, PA 15102 80 Grandrose Road ",
5092419068,Richart_Albiston,F,Divorced,7/11/1996,"Oxnard, CA 93035 210 Branch St. ",
7504048694,Hadley_Asipenko,F,Married,9/27/2001,"Lincoln Park, MI 48146 7169 Woodside Street ",
8507773947,Stanislas_Bernardotte,F,Married,4/11/1974,"Newington, CT 06111 783 Santa Clara St. ",
4748393025,Maryjane_Francecione,M,Married,11/22/1981,"Thomasville, NC 27360 8076 Rockwell Street ",
2456066143,Darrelle_Lefeuvre,F,Married,6/4/2002,"Revere, MA 02151 8918 Rockwell Court ",
9368736516,Loralie_MacKettrick,F,Married,4/3/1988,"San Carlos, CA 94070 361 North Pierce Ave. ",
9745491526,Cammy_Skoggings,M,Married,12/23/1999,"Evans, GA 30809 716 Cambridge Avenue ",
3251512455,Hollis_Antonioni,F,Married,6/19/2009,"Irmo, SC 29063 546 Lakeview St. ",
3334278462,Annamaria_Humphrys,F,Married,1/20/1988,"Southaven, MS 38671 505 Alderwood Dr. ",
3064227998,Orelia_Undrell,M,Married,9/18/2002,"Middleburg, FL 32068 7283 Plumb Branch Street ",
3958130073,Justin_Orsay,F,Married,3/23/1978,"Uniondale, NY 11553 9 Windsor Ave. ",
8767131274,Jess_Riddell,M,Married,12/28/2004,"Lorton, VA 22079 7429 Livingston Dr. ",
9402216548,Nessi_Kubicek,F,Married,3/2/1981,"Monroeville, PA 15146 466 Plumb Branch Dr. ",
2189432489,Donelle_Ivantyev,M,Married,10/20/1977,"Hightstown, NJ 08520 704 Cemetery Drive ",
9335999382,Tressa_Schwandermann,F,Married,9/14/1988,"Leominster, MA 01453 125 West St Louis Lane ",
3626464491,Lyndsie_Bletcher,F,Married,7/18/2004,"Hanover Park, IL 60133 7522 Old Marconi Street ",
7993099377,Dianemarie_Elland,M,Married,7/9/1989,"New Kensington, PA 15068 36 Clay St. ",
4192113367,Ginger_Phelps,F,Married,1/14/1986,"Greenfield, IN 46140 525 South Market Ave. ",
3622431060,Garfield_Helkin,F,Married,9/10/1981,"Glasgow, KY 42141 606 Colonial St. ",
7897179223,Jennee_Giordano,F,Married,9/18/2014,"Burke, VA 22015 66 West Nichols Ave. ",
1524393998,Estrella_Roalfe,M,Married,10/25/1979,"Hillsborough, NJ 08844 9024 Mulberry Ave. ",
4725573038,Amabel_Howbrook,F,Married,12/30/2010,"South El Monte, CA 91733 36 Atlantic St. ",
5512414015,Jeanna_Hune,F,Divorced,3/10/2008,"Clinton Township, MI 48035 299 Temple Ave. ",
5009441539,Caroljean_Clapham,M,Divorced,12/27/1990,"Wenatchee, WA 98801 79 Fairway Avenue ",
3491279968,Linus_Carletti,F,Divorced,4/15/1986,"Ocean Springs, MS 39564 8259 Hill Field Drive ",
2839670088,Lou_Moyce,F,Divorced,3/8/2008,"Fresno, CA 93706 439 Hawthorne Dr. ",
7873394907,Opalina_Schulken,M,Divorced,12/13/2004,"Savannah, GA 31404 473 Bohemia Drive ",
5732715268,Jesse_Bransom,F,Divorced,8/15/1978,"Maspeth, NY 11378 9800 Meadowbrook Road ",
6672758308,Gard_Brownjohn,M,Divorced,9/4/1994,"Schaumburg, IL 60193 73 Thompson Court ",
6847542496,Monro_Fawdry,F,Divorced,7/9/1982,"Miami Beach, FL 33139 7077 Mill St. ",
2894593727,Tadeo_Legerton,M,Divorced,7/10/1979,"Carol Stream, IL 60188 6 Smith Ave. ",
7629604316,Koral_Tommeo,F,Divorced,8/12/1993,"Freeport, NY 11520 7232 North Avenue ",
6297212659,Aurel_Cranshaw,F,Single,10/2/1996,"Willingboro, NJ 08046 482 Brickell St. ",
1978083745,Aurilia_Samter,M,Single,3/4/1976,"Rockville, MD 20850 64 West Santa Clara Avenue ",
5254884706,Bendix_Haselden,F,Single,4/11/1994,"Mooresville, NC 28115 84 Snake Hill Dr. ",
7822325845,Oliver_Daintree,F,Single,9/15/1979,"San Jose, CA 95127 942 Henry St. ",
9946764088,Becki_Beaves,F,Single,4/11/1983,"Amsterdam, NY 12010 744 San Carlos Street ",
3219093870,Arther_Walshaw,M,Single,12/28/1979,"Grand Rapids, MI 49503 54 Bank Ave. ",
5223018505,Griz_Chessun,F,Single,5/14/1986,"Lilburn, GA 30047 7649 West Bellevue St. ",
2042112668,Devonna_Paolacci,F,Single,12/17/1987,"Asheboro, NC 27205 7414 Bald Hill Ave. ",
4092921252,Agneta_Greasley,M,Single,4/23/2000,"Corona, NY 11368 7338 Valley View Street ",
4761720234,Nanon_Callacher,F,Single,7/23/1978,"Fort Lauderdale, FL 33308 5 South Ridgeview Road ",
6595243752,Baldwin_Meneo,F,Single,6/11/1986,"Salem, MA 01970 336 Applegate Court ",
3748770415,Glenn_Guislin,M,Divorced,7/15/1986,"Park Ridge, IL 60068 9349 Brickell Street ",
2055845117,Emlynne_Titt,F,Divorced,8/8/1979,"Hamden, CT 06514 108 Gulf St. ",
1238903114,Linus_Hamsley,M,Divorced,10/26/1991,"Massapequa, NY 11758 35 North Greystone Drive ",
4781124958,Glenda_Chin,F,Divorced,3/24/1973,"Mays Landing, NJ 08330 97 West Mammoth Street ",
7646518185,Clay_Iacomi,M,Divorced,4/23/2005,"Eau Claire, WI 54701 8674 Rockaway Avenue ",
3103329651,Oriana_Yoxall,F,Single,1/27/2007,"Kings Mountain, NC 28086 648 Ivy Street ",
3609298220,Erny_McVity,F,Single,4/23/1976,"Lawndale, CA 90260 86 North Bellevue Circle ",
4664861936,Sosanna_Kalisz,M,Single,3/5/1982,"Centereach, NY 11720 50 Surrey Rd. ",
9056785444,Flss_Jannex,F,Divorced,9/13/2014,"Parlin, NJ 08859 781 Wakehurst Dr. ",
8523333015,Haskell_Olohan,F,Divorced,4/28/1998,"Cordova, TN 38016 587 Rockledge Drive ",
6906575365,Bea_Biffen,F,Divorced,12/22/2011,"Middletown, CT 06457 7212 East Linda Dr. ",
8575501630,Edlin_Standing,M,Divorced,2/9/1986,"Cornelius, NC 28031 9643 Beacon Street ",
9711510733,Zilvia_Gert,F,Divorced,9/24/2009,"Merrillville, IN 46410 312 Holly Ave. ",
5741563586,Brina_De_Mars,F,Divorced,3/13/2014,"Vineland, NJ 08360 9453 Olive Drive ",
3931471148,Syd_Rowley,M,Divorced,12/18/1987,"Gettysburg, PA 17325 38 Edgewood Ave. ",
6857849582,Orv_Backs,F,Divorced,4/1/1984,"Anchorage, AK 99504 8266 Maiden St. ",
5121765654,Marin_Blackstock,F,Single Parent,11/21/1978,"Beltsville, MD 20705 8878 Oakwood Lane ",
5607296981,Rebecca_Tomaszewski,M,Single Parent,5/21/1979,"Kingston, NY 12401 3 Mayflower Lane ",
7618598133,Flora_Trees,F,Single Parent,1/3/1979,"Chambersburg, PA 17201 718 Ohio St. ",
7212084191,Mariel_Kaser,M,Single Parent,8/11/1992,"Virginia Beach, VA 23451 27 Cooper Street ",
5093615854,Nappy_Rennebeck,F,Single Parent,9/3/2015,"Lansdale, PA 19446 9151 Blackburn Street ",
3496329273,Paulie_Rycroft,M,Single Parent,7/23/2011,"Lansing, MI 48910 31 Valley Farms Dr. ",
8267988821,Cly_Raiment,F,Single Parent,11/26/1985,"Ada, OK 74820 9685 Wagon Avenue ",
5715734777,Alysia_D'eathe,F,Married,2/12/1995,"Racine, WI 53402 9265 South Road ",
6388721811,Rena_Siene,M,Married,2/25/1980,"South Ozone Park, NY 11420 848 Pacific St. ",
5156125637,Quintin_Hentze,F,Married,2/15/2014,"Brownsburg, IN 46112 199 E. Arlington St. ",
5602888902,Christal_Lumbers,F,Married,9/14/2012,"Bay Shore, NY 11706 87 Beechwood Ave. ",
2986283801,Hildegaard_Gossington,F,Married,7/10/1989,"Mocksville, NC 27028 933 SW. Campfire St. ",
2199140682,Odella_McKissack,M,Married,7/11/1989,"Waldorf, MD 20601 61 Center St. ",
4412896678,Candra_Jouhning,F,Married,11/22/2013,"Mount Vernon, NY 10550 256 Santa Clara Dr. ",
3005571130,Brinna_Shipcott,F,Married,9/2/1973,"Cherry Hill, NJ 08003 400 Bridle Ave. ",
7053507006,Lannie_Attack,M,Married,5/12/1997,"Bowie, MD 20715 8717 Tunnel Ave. ",
1732454824,Ebony_Stitle,F,Married,5/14/2006,"Casselberry, FL 32707 8508 Fairfield St. ",
6436072347,Clarette_McFfaden,F,Married,5/5/2009,"Meriden, CT 06450 74 Evergreen St. ",
3289803541,Lowe_Dudeney,M,Married,5/9/1997,"Perth Amboy, NJ 08861 362 Depot St. ",
4182984575,Jodie_McReynold,F,Married,2/27/2003,"Piscataway, NJ 08854 4 South St Louis St. ",
9195835434,Wilmar_Ferrarini,M,Married,1/8/1976,"Hudsonville, MI 49426 683 Essex Ave. ",
7749233895,Gilly_Conwell,F,Married,3/6/1979,"Trenton, NJ 08610 7427 Smoky Hollow Drive ",
6362734544,Hilde_Eldrett,M,Divorced,11/9/1977,"Asbury Park, NJ 07712 9208 County St. ",
8483947225,Neille_Duiged,F,Divorced,6/10/1976,"West Orange, NJ 07052 7 Bradford St. ",
2066877388,Jillayne_Fodden,F,Divorced,9/17/1992,"Gulfport, MS 39503 470 Ashley Street ",
4642383071,Astrid_Markey,M,Divorced,9/9/1994,"Grovetown, GA 30813 614 Winchester Avenue ",
2308739440,Malvin_Blain,F,Divorced,3/15/2000,"Pembroke Pines, FL 33028 339 Temple Street ",
2024579517,Pascale_SLVRmain,F,Divorced,10/5/1980,"New Brunswick, NJ 08901 8364 Galvin St. ",
8143187195,Sher_Hendrich,F,Divorced,7/20/1988,"Arlington Heights, IL 60004 7075 Ridgewood Circle ",
2473292591,Hartley_Hollow,M,Divorced,8/20/1985,"Mechanicsburg, PA 17050 945 Ridge Drive ",
1549361348,Fay_Bachs,F,Divorced,2/4/2001,"Yorktown, VA 23693 55 N. Dunbar Drive ",
2704853972,Rosanna_Darbon,F,Divorced,7/26/2000,"Marshalltown, IA 50158 752 Cedar Court ",
5817725294,Cordula_Worcester,M,Divorced,6/9/2002,"Port Huron, MI 48060 7321 Spruce Drive ",
1791213980,Tan_Huxton,F,Divorced,1/2/1993,"Mason, OH 45040 7 High Ridge Street ",
3074800473,Luca_Snewin,F,Divorced,8/24/1979,"Dearborn Heights, MI 48127 7794 Chapel Street ",
1986498129,Eamon_Coughtrey,M,Divorced,12/20/2012,"Lumberton, NC 28358 84 Wayne St. ",
2288523354,Aguie_Penrose,F,Divorced,5/3/2011,"Morgantown, WV 26508 500 Market St. ",
2936982989,Gaylene_Hawyes,M,Single,11/11/1985,"Chesterton, IN 46304 506 E. Strawberry Road ",
2092672995,Samuele_Laneham,F,Single,6/7/1978,"Westfield, MA 01085 9842 East Grant Rd. ",
5907472554,Leighton_Alvares,M,Single,7/19/2014,"Doylestown, PA 18901 7200 Ridge St. ",
9766178765,Gearard_Branni,F,Single,9/22/1985,"Barberton, OH 44203 802 Iroquois St. ",
5302194416,Amelia_Smooth,F,Single,8/26/1976,"Defiance, OH 43512 942 Westport St. ",
9402733567,Luise_Rapp,M,Single,11/11/1994,"Oak Forest, IL 60452 315 Essex Court ",
6048098096,Karyn_Martinovsky,F,Single,8/21/2004,"Mundelein, IL 60060 7870 Lafayette Rd. ",
1468225736,Husain_Chiswell,F,Single,9/17/1998,"Hastings, MN 55033 510 Bedford Dr. ",
9389635534,Ermina_Ginnell,F,Single,3/13/2002,"Edison, NJ 08817 76 East Street ",
6288976872,Gregoire_Mudle,M,Single,10/27/1975,"Solon, OH 44139 7006 S. Mountainview St. ",
6594009237,Roseanne_Callam,F,Single,2/7/2002,"Bensalem, PA 19020 233 Third Road ",
8725928890,Marlyn_Meddings,F,Single,7/8/2008,"Richardson, TX 75080 571 Longbranch Road ",
6972967007,Bevan_Jaquemar,M,Single,4/1/1981,"Geneva, IL 60134 3 White Rd. ",
9221966029,Dniren_O'Flynn,F,Single,2/5/1980,"Rockledge, FL 32955 98 Arlington St. ",
3429382805,Goran_Etchells,F,Single,6/5/2006,"Richmond, VA 23223 279 Windsor Ave. ",
3314479075,Myca_Fluck,M,Single,12/6/1996,"Sumter, SC 29150 5 Main Lane ",
7844155205,Audra_Weetch,M,Single,1/19/1996,"Mahopac, NY 10541 673 Jennings Ave. ",
6433129271,Danie_Bruckenthal,F,Single,4/30/2014,"Cambridge, MA 02138 8 Edgemont Drive ",
6521574108,Dall_Slatter,M,Single,12/17/1974,"South Lyon, MI 48178 9360 West Longfellow St. ",
8636522622,Edeline_Oury,F,Single,9/22/2011,"Saint Cloud, MN 56301 9 Highland Street ",
2889695868,Russell_Clubley,M,Single,9/15/2002,"Hartselle, AL 35640 9346 Stillwater Road ",
7406914151,Melitta_Cozins,F,Single,6/11/1982,"Toledo, OH 43612 7817 Marvon St. ",
7269657591,Loraine_Whiteoak,F,Single,12/7/1982,"Mishawaka, IN 46544 1 Bayport Ave. ",
1682303531,Abby_Whitaker,M,Single,11/30/1988,"Torrance, CA 90505 76 Ohio Dr. ",
1994698128,Delia_Kummerlowe,F,Single,7/18/1993,"Prior Lake, MN 55372 11 North Glenridge Lane ",
5028321473,Gill_Hearnaman,F,Single,9/12/2003,"Deerfield, IL 60015 9772 Rockaway St. ",
2599732255,Marten_Ferber,F,Single,5/10/1994,"Gwynn Oak, MD 21207 9016 Elm Ave. ",
1639292263,Hetty_Sheaber,M,Single,4/7/1991,"Panama City, FL 32404 881 Elizabeth Lane ",
9484370250,Daniella_Gosdin,F,Single,12/23/1975,"Auburndale, FL 33823 9799 S. Thorne Street ",
2102854566,Tierney_Ridwood,F,Single,5/4/1981,"Marshfield, WI 54449 36 Wrangler Avenue ",
9932724499,Zorana_Ben,M,Single,3/2/1980,"Jamestown, NY 14701 305 Orchard Lane ",
8205704840,Aldus_Hopfer,F,Married,12/31/2010,"Hicksville, NY 11801 670 West James Street ",
3514087743,Daniele_Audas,F,Married,1/19/1975,"Clayton, NC 27520 23 Queen Dr. ",
6521326024,Tomkin_Skrine,M,Married,3/19/1986,"New Lenox, IL 60451 92 Glen Eagles Drive ",
5898989537,Etti_Ponter,F,Married,12/27/1975,"Suitland, MD 20746 8713 Bellevue Rd. ",
3035430636,Augusta_McCormack,M,Married,12/4/2013,"Coraopolis, PA 15108 480 Wilson Dr. ",
5576916846,Barry_Mercer,F,Married,4/26/2011,"Pikesville, MD 21208 86 San Carlos Dr. ",
6329379901,Maryrose_Seivertsen,M,Married,9/5/2002,"Westminster, MD 21157 47 Briarwood Ave. ",
1819463352,Orsola_SLVRin,F,Married,9/14/2012,"Tewksbury, MA 01876 318 College St. ",
4046579391,Alejoa_Woodruff,F,Married,3/26/2003,"Mebane, NC 27302 34 North Central St. ",
7965424737,Belinda_Wasling,M,Married,1/16/1986,"Winter Springs, FL 32708 2 Vale St. ",
5565430985,Tabbie_Mc_Comb,F,Married,1/10/2008,"Williamsport, PA 17701 659 Military Rd. ",
1665654309,Dedie_Bendelow,F,Married,9/15/1986,"Lincolnton, NC 28092 3 Marvon Ave. ",
5338294907,Sean_Labarre,F,Married,9/16/1980,"Kenosha, WI 53140 8317 Pine St. ",
2567576443,Raquela_Pavese,M,Married,8/26/2005,"Mableton, GA 30126 84 Chapel St. ",
1581733124,Hube_Birckmann,F,Married,6/25/1992,"Ellicott City, MD 21042 936 Roehampton Road ",
6862230002,Sonya_Shearsby,F,Married,7/15/1996,"Pleasanton, CA 94566 41 Border St. ",
2753977097,Noll_McElhinney,M,Married,5/29/2000,"Hoboken, NJ 07030 260 West Pearl Street ",
9126293394,Stanleigh_Sarll,F,Married,5/22/1988,"Winter Park, FL 32792 7 Valley Street ",
8329006166,Angelle_Punton,F,Married,3/1/1977,"Springfield, PA 19064 7057 Logan St. ",
5907212083,Hart_Laux,M,Married,11/2/2002,"Oswego, NY 13126 8134 Old York Dr. ",
8711639690,Bondon_Wigglesworth,F,Married,12/22/2005,"Mount Laurel, NJ 08054 530 Monroe Street ",
6802297835,Drusilla_Firmager,M,Married,6/27/2011,"Elkton, MD 21921 4 Madison Dr. ",
4239556544,Catrina_Dunnaway,F,Married,3/29/1983,"Wasilla, AK 99654 8496 Ocean St. ",
8154539790,Ketti_Botly,M,Married,2/27/1989,"Lancaster, NY 14086 46 Hilldale Lane ",
5701351611,Alverta_Hailey,F,Married,4/21/2002,"Stoughton, MA 02072 742 Sherwood Lane ",
7611414861,Rudyard_Marcus,F,Married,5/21/2004,"Rockville Centre, NY 11570 8420 River Avenue ",
5344419122,Kimberlee_Fickling,M,Married,3/3/2010,"Brandon, FL 33510 713 Cemetery Rd. ",
1009249344,Karie_Longstaff,F,Married,2/17/1979,"Monsey, NY 10952 995 Homestead Court ",
2893042736,Paxon_Orro,F,Married,10/29/2007,"Wilmington, MA 01887 7364 Helen Rd. ",
2248067649,Caldwell_SpainGower,F,Married,9/21/2008,"Central Islip, NY 11722 185 East Lees Creek St. ",
9629831570,Ellen_Linge,M,Married,2/14/2015,"Leland, NC 28451 2 Gartner Ave. ",
5478546984,Boycie_Hunnicot,F,Married,7/1/1993,"Evansville, IN 47711 9949 Blackburn Street ",
5702188526,Dane_Burchell,F,Married,1/28/1976,"Palm City, FL 34990 148 Bayberry Ave. ",
8627597229,Yul_Sherlaw,M,Married,10/21/1976,"Halethorpe, MD 21227 874 Valley Farms Street ",
4308461721,Thorstein_Nuccii,F,Married,6/9/1981,"Holbrook, NY 11741 40 Leeton Ridge Street ",
4594833832,Urban_Danskine,F,Married,12/22/2008,"Parkersburg, WV 26101 7018 Myers Dr. ",
5968183775,Melony_Staveley,M,Married,11/2/1980,"New York, NY 10002 75 Garfield Court ",
8117764607,Dun_Ortell,F,Married,12/7/2005,"Downers Grove, IL 60515 988 Race Street ",
5781909455,Flossie_Wyrill,M,Married,5/15/1974,"Hopkinsville, KY 42240 10 Deerfield Lane ",
8662181319,Brodie_Agostini,F,Married,1/26/1973,"Conyers, GA 30012 100 Sunbeam Street ",
1051125036,Kaile_Dalgarnowch,M,Married,1/31/2008,"Colonial Heights, VA 23834 896 South Lakeshore Ave. ",
6586636222,Walliw_Monier,F,Divorced,5/7/2006,"Norfolk, VA 23503 553 Taylor Street ",
4842015640,Loralee_Haggus,F,Divorced,4/3/1976,"Fairport, NY 14450 3 Rose Ave. ",
8673799338,Blanca_Shepley,M,Divorced,2/25/2008,"Powell, TN 37849 5 South Street ",
3986240876,Randene_Tarbatt,F,Divorced,10/18/2014,"Beaver Falls, PA 15010 33 S. Windsor Avenue ",
8765519122,Georgine_Cosbee,F,Divorced,6/22/2013,"9579 Locust St.  Satellite Beach, FL 32937",
5981410385,Enid_Vlasov,F,Divorced,8/31/1993,"4 Cedar St.  Hillsborough, NJ 08844",
5113948188,Matelda_Batson,M,Divorced,4/15/2001,"42 Arrowhead St.  Mooresville, NC 28115",
2721821789,Kendrick_Witcomb,F,Divorced,3/21/1991,"809 Longbranch Street  Peoria, IL 61604",
7839973003,Onfroi_Fathers,F,Divorced,11/16/1991,"913 Pulaski Court  Glastonbury, CT 06033",
4362587329,Tyler_Bottoms,M,Divorced,2/16/1986,"9198 Cherry Hill Ave.  Parlin, NJ 08859",
5984913510,Ki_d'_Eye,F,Single,9/6/1979,"8649 Walnut Dr.  Dothan, AL 36301",
6242176255,Vinny_Kolakowski,F,Single,9/5/1973,"958 Garfield Dr.  Eau Claire, WI 54701",
8651922540,Allister_Burstowe,M,Single,4/18/1973,"7326 Lake View Drive  Waynesboro, PA 17268",
8978162311,Casandra_Kringe,F,Single,5/1/2004,"9094 Bald Hill St.  Wilson, NC 27893",
8753027828,Isahella_Bartusek,M,Single,10/27/1983,"396 Golden Star St.  Mount Holly, NJ 08060",
2335692914,AlfSLVR_Nelthorpe,F,Single,2/26/1994,"463 Airport St.  Savannah, GA 31404",
7086461533,Tova_Lernihan,M,Single,3/4/1993,"79 New St.  Montclair, NJ 07042",
1114398583,Wally_Le_Maitre,F,Single Parent,8/7/2000,"8535 E. Pine St.  Roy, UT 84067",
7146727061,Jordan_Sein,F,Single Parent,11/20/1998,"49 W. Walnutwood Rd.  Riverview, FL 33569",
6961085497,Jessalin_Filer,M,Single Parent,3/25/1976,925 Euclid Drive  Apt 2 ,
4964553900,Mariya_Bezant,F,Single Parent,9/14/2008,"Holly Springs, NC 27540 767 Hudson St. ",
6178193255,Alisha_Harcombe,F,Single Parent,6/22/2007,"Pataskala, OH 43062 9514 Southampton Avenue ",
1707475053,Ellissa_Moar,F,Single Parent,6/12/1996,"West Springfield, MA 01089 75 Princess Drive ",
3042970618,Sadie_Ashford,M,Single Parent,9/28/2009,"Cuyahoga Falls, OH 44221 485 Lexington Street ",
7038303787,Cristina_De_Vaar,F,Single Parent,3/13/1981,"West New York, NJ 07093 476 Woodsman St. ",
2128152763,Norbie_Venmore,F,Single Parent,6/23/1993,"Elizabeth, NJ 07202 7533 Green Hill Drive ",
4631826594,Harv_Tawn,M,Single,5/3/2012,"Bristol, CT 06010 39 Hawthorne Dr. ",
1155918693,Dane_MacArte,F,Married,7/1/1986,"Apt A  Zion, IL 60099",
5873743591,Wheeler_Side,F,Married,8/28/1998,"61 Wild Rose Circle  Marion, NC 28752",
2006396085,Eilis_Denholm,M,Married,1/17/2005,"89 Fremont Drive  Hastings, MN 55033",
1721465184,Egbert_Keating,F,Single,8/26/2005,"12 Big Rock Cove Avenue  Phoenix, AZ 85021",
3354621516,Ezra_Aylott,M,Married,4/8/1992,"37 Columbia Court  Durham, NC 27703",
5537093904,Neal_Leyninye,F,Married,8/30/1984,"932 SW. Grandrose Ave.  Cary, NC 27511",
6471139357,Leticia_Pavis,M,Married,9/18/1974,"258 E. Birchpond Rd.  Charlottesville, VA 22901",
7779802401,Bambie_Lamboll,F,Married,8/10/1979,"7836 Penn Ave.  Cherry Hill, NJ 08003",
5715932417,Torey_Liquorish,F,Married,1/1/2001,"636 Cleveland Street  Pasadena, MD 21122",
5405096882,Bryana_MacCathay,M,Married,9/15/2015,"827 Ridgewood Ave.  Panama City, FL 32404",
6104370843,Sloane_Leahey,F,Married,3/31/2005,"7435 Lafayette Ave.  Chicago Heights, IL 60411",
5432301313,Chester_McGow,F,Married,3/19/1979,"9827 53rd St.  Paramus, NJ 07652",
2728621627,Becki_Warden,F,Married,4/4/1980,"7774 Valley View St.  Powhatan, VA 23139",
2554109230,Anett_Ryding,M,Married,3/26/1978,"8217 W. Glenholme St.  La Crosse, WI 54601",
5772499117,Cy_Jaggi,F,Married,10/15/1981,"611 Brickyard Court  Plainfield, NJ 07060",
7118755484,Nancie_Youngman,F,Married,1/8/1977,"7611 Jefferson Drive  Hallandale, FL 33009",
3939575940,Keen_Ducket,M,Married,5/23/1981,"927 Meadowbrook Ave.  Matawan, NJ 07747",
6101500067,Ediva_McGunley,F,Divorced,11/6/1994,"43 Hillside Ave.  Madisonville, KY 42431",
3837582728,Christin_Tupman,F,Divorced,9/21/1973,"33 W. Pawnee Street  Kenosha, WI 53140",
6576632015,Nedi_Trafford,M,Divorced,5/23/1983,"245 Glenholme St.  Marquette, MI 49855",
9949688587,Neil_Mallord,F,Divorced,1/16/1989,"8612 Lake View Street  Levittown, NY 11756",
1508989273,Benyamin_Rendall,M,Divorced,1/27/1999,"963 Manor Station Dr.  Old Bridge, NJ 08857",
1349541686,Geno_Shoosmith,F,Divorced,3/1/2004,"741 Wakehurst St.  Marietta, GA 30008",
2018579922,Clarke_Stollenhof,M,Divorced,12/13/1990,"7193 Iroquois Rd.  Freehold, NJ 07728",
8007860379,Ema_Fairlie,F,Divorced,12/11/2015,"84 North St.  Passaic, NJ 07055",
4555986897,Euell_Dwelly,F,Divorced,10/31/1993,"63 West Edgewood Lane  Bellmore, NY 11710",
3993692412,Ebenezer_Alldritt,M,Divorced,7/17/2014,"236 Old York St.  Ft Mitchell, KY 41017",
1934020804,Brittan_Espinay,F,Single Parent,4/19/2015,"998 Redwood Drive  Marshfield, WI 54449",
8644107523,Cathi_Towle,F,Single,8/31/1978,"9985 North Third Street  Casselberry, FL 32707",
5611436861,Angeli_Rubury,F,Single,9/21/2011,"202 N. Devonshire Circle  Chicopee, MA 01020",
4008618105,Emmye_Duplain,M,Single,2/17/1992,"93 Durham Ave.  Buffalo Grove, IL 60089",
3239123425,Marika_Tythacott,F,Single,10/17/1985,"9157 York Court  Coraopolis, PA 15108",
5337577270,Vinny_Patchett,F,Single,5/12/1995,"7078 North Jennings St.  Severn, MD 21144",
8599476260,Bentley_Fawckner,M,Single,5/12/1999,"8473 East Golf Street  Medford, MA 02155",
6031586580,Maryjo_Morin,F,Single,7/9/1982,"737 Newport Road  Tullahoma, TN 37388",
4275598609,Hogan_Finnes,F,Single,7/31/1978,"835 Arlington Lane  South Portland, ME 04106",
7777646852,Lancelot_Siebert,M,Single,7/16/1982,"54 Oak Meadow Dr.  Warwick, RI 02886",
6571148313,Reena_Rowcliffe,F,Single,9/20/1993,"2 Sage Ave.  Astoria, NY 11102",
5254083319,Gilbertine_Melsome,M,Single,5/26/2010,"44 Eagle Ave.  Lapeer, MI 48446",
4439943686,Chrissy_McDunlevy,F,Single,3/1/1975,"174 Old Pine Road  Dawsonville, GA 30534",
7228168306,Nikki_Rastrick,M,Single,12/23/1986,"8875 Rock Maple Court  Navarre, FL 32566",
7796799880,Damian_Cornock,F,Single,7/11/2011,"69 Ocean Street  Lindenhurst, NY 11757",
5548901755,Jareb_Diego,F,Single,7/21/2000,"735 New Saddle Avenue  Cranston, RI 02920",
8128124432,Bart_Placidi,M,Single,9/14/1982,"498 E. Monroe Road  Worcester, MA 01604",
7492255064,Robbie_Stroulger,F,Married,1/8/1997,"514 Forest St.  Paterson, NJ 07501",
5186251036,Stefa_Geater,F,Married,6/1/1992,"2 Border Street  Eugene, OR 97402",
2642946516,Gratiana_Hebbes,F,Married,8/30/2007,"7944 Second Ave.  Norwich, CT 06360",
2054104678,Yule_Sabban,M,Married,5/12/1978,"7884 Ridgewood Ave.  Michigan City, IN 46360",
8467961532,Lucille_Olsson,F,Married,1/26/1977,"8524 10th St.  Ormond Beach, FL 32174",
8081203947,Orella_Labbet,F,Married,11/22/1987,"624 Cedar Swamp Drive  Leesburg, VA 20175",
4688697501,Bernita_Clemenceau,M,Married,2/12/2009,"132 Annadale St.  Jamestown, NY 14701",
3871570151,Betta_Ivanovic,F,Married,4/14/1982,"88 Henry Smith Lane  Elyria, OH 44035",
7874437075,Andrus_Dewdney,F,Married,6/5/1980,"128 Old Cobblestone Road  Carpentersville, IL 60110",
3812005315,Helen_Bugge,M,Married,5/25/1994,"508 Amherst St.  Palm Beach Gardens, FL 33410",
7971209676,Dasi_Prandini,F,Married,11/28/1987,"8067 Livingston Street  Mahopac, NY 10541",
9031149747,Mireille_Ambrosoli,M,Married,12/3/2011,"979 Beechwood Dr.  Canal Winchester, OH 43110",
1989862850,Farlee_Burden,F,Married,2/21/2005,"187 Hill Field Court  Emporia, KS 66801",
1597339298,Luigi_Bordessa,M,Married,2/16/1991,"9 Spruce Drive  Southgate, MI 48195",
2347798298,Alicea_Spinnace,F,Married,11/3/1985,"9650 Race Dr.  Homestead, FL 33030",
8111565344,Ardenia_Noice,F,Divorced,6/28/1998,"994 North Livingston Street  Pottstown, PA 19464",
5531456195,Dode_Jancey,M,Divorced,12/18/1991,"81 Cedarwood Ave.  Cheshire, CT 06410",
3823237822,Neille_Khidr,F,Divorced,2/1/2013,"7767 Shirley Court  Annapolis, MD 21401",
5137587038,Tristan_Van_Oort,F,Divorced,4/25/2001,"8559 Peg Shop St.  Marysville, OH 43040",
6702190755,Avis_Moine,F,Divorced,3/12/1974,"19 Mulberry St.  Johnston, RI 02919",
9379416460,Reeva_O'Donohue,M,Divorced,1/31/1975,"5 Lower River Dr.  Blacksburg, VA 24060",
2628828987,Adan_Borland,F,Divorced,5/15/1980,"26 Sage Street  Gallatin, TN 37066",
2207887410,Janessa_Slingsby,F,Divorced,10/31/2003,"4 North Baker Ave.  Prior Lake, MN 55372",
8628830510,Conway_Longfut,M,Divorced,12/30/2009,"7281 Saxon Street  Altamonte Springs, FL 32714",
8139327840,Rodie_Romanetti,F,Divorced,1/17/2003,"585 N. Sulphur Springs St.  Brighton, MA 02135",
6741748355,Rudolfo_Cloute,F,Divorced,3/24/2012,"8459 Sierra Ave.  Grovetown, GA 30813",
5528229968,Kendal_Shellard,M,Divorced,6/20/1977,"724 Wakehurst Lane  Mays Landing, NJ 08330",
5245748998,Phillipp_Tarney,F,Divorced,9/26/1990,"686 South Santa Clara Dr.  Winston Salem, NC 27103",
9505125624,Bobby_Olufsen,M,Single,2/11/1995,"8014 NW. Harvard St.  Clarksville, TN 37040",
7865544557,Nollie_Rubbert,F,Single,4/14/2014,"65 Southampton Street  Hilliard, OH 43026",
3052338695,Samuele_Just,M,Single,11/29/1973,"898 San Pablo Street  Capitol Heights, MD 20743",
8112755051,Delora_Leckie,F,Single,3/23/1992,"484 Silver Spear Street  Allison Park, PA 15101",
1123297125,Shelden_Scanlan,F,Single,10/5/2015,"382 John Ave.  Williamsburg, VA 23185",
2048353928,Josey_Niess,M,Single,5/2/1976,"216 E. Newbridge Ave.  Neenah, WI 54956",
1232963885,Galen_Welland,F,Single,5/6/1977,"158 8th Street  Spring Hill, FL 34608",
8236765289,Ferdinanda_Sunman,F,Single,4/9/2011,"9006 Ridgewood Drive  Clayton, NC 27520",
2877695770,Ellery_Stollman,F,Single,6/18/2014,"3 Ridgewood St.  Burlington, MA 01803",
8967575093,Moe_McAster,M,Single,2/23/2001,"9895 Morris Street  Midlothian, VA 23112",
9873276137,Randy_Lorent,F,Married,7/21/2015,"222 Wall Drive  Pickerington, OH 43147",
4993738169,Emlen_Idney,F,Married,4/1/1982,"192 Shadow Brook Rd.  Medina, OH 44256",
2348154486,Geralda_Lathwood,M,Married,3/2/2013,"828 S. Laurel Dr.  Orlando, FL 32806",
3574701509,Gabi_Trounson,F,Married,4/22/1979,"7923 West Cherry Lane  Temple Hills, MD 20748",
4478376348,Jareb_Kapiloff,F,Married,9/9/1998,"43 Valley Farms St.  Buford, GA 30518",
2781206461,Hailey_Burroughes,M,Married,2/4/1977,"53 Lake View Street  Mount Laurel, NJ 08054",
9312848439,Toinette_Matthieson,F,Married,7/22/1980,"452 Cypress Drive  Watertown, MA 02472",
7789338963,Ema_Heal,M,Married,8/24/1992,"3 Constitution Ave.  Sarasota, FL 34231",
5973124654,Teresina_Caccavari,F,Married,11/15/1992,"781 South Cherry Road  Germantown, MD 20874",
5829283864,Ashli_Tatlow,M,Married,1/30/1989,"99 Rockcrest St.  Macon, GA 31204",
4419928368,Quinlan_Narrie,F,Married,7/21/1979,"8261 South Lawrence Lane  Nashville, TN 37205",
2793232131,Britte_Casotti,F,Married,1/2/1988,"28 West Rockaway St.  Anaheim, CA 92806",
5933017373,Bartram_Swiggs,M,Married,7/5/2004,"459 Oak Valley Ave.  Oswego, NY 13126",
7215239021,Kipp_Prise,F,Married,7/14/2009,"29 W. Trenton Court  Portsmouth, VA 23703",
3002297290,Eliot_Shuxsmith,F,Married,12/19/1989,"93 S. Vernon Drive  Colorado Springs, CO 80911",
8625737990,Carley_Caldero,F,Married,5/12/1979,"17 Spring Dr.  Wyandotte, MI 48192",
2877103236,Amandy_Beckham,M,Married,9/22/1987,"449 Saxton Street  Tuscaloosa, AL 35405",
4096383243,Billi_Boles,F,Married,6/12/1996,"38 School Ave.  Mcminnville, TN 37110",
1756955891,Bunnie_Caslane,F,Married,7/18/1994,"8147 Westport Road  Halethorpe, MD 21227",
5043194610,Hansiain_Fuentez,F,Divorced,11/15/1990,"8726 East South Court  Stafford, VA 22554",
3131897804,Dara_Halcro,M,Divorced,5/31/1986,"37 Constitution Ave.  Maplewood, NJ 07040",
7202414755,Coral_Hails,F,Divorced,11/23/2000,"9948 Nut Swamp Ave.  Fort Washington, MD 20744",
7584233517,Ailee_Ashfield,F,Divorced,12/30/2004,"21 Hartford Court  Warren, MI 48089",
3049691700,Ofella_Barford,M,Divorced,12/5/1979,"7509 Pierce Street  Littleton, CO 80123",
5022381119,Winny_O'Codihie,F,Divorced,3/26/1992,"124 Vine Ave.  East Northport, NY 11731",
1732845500,Amie_Attwooll,F,Divorced,10/21/1974,"356 Trout St.  Summerfield, FL 34491",
8101183309,Page_Biesterfeld,M,Divorced,11/10/1974,"922 Mammoth Lane  Richmond, VA 23223",
9049966109,Hedda_Sorton,F,Divorced,6/13/1986,"9937 Lilac Ave.  Far Rockaway, NY 11691",
9285421447,Noe_Klyner,M,Divorced,1/10/2007,"928 Somerset Court  Randolph, MA 02368",
9058159395,Andre_Saint,F,Divorced,9/19/1973,"113 East Canterbury Drive  Allentown, PA 18102",
6281940576,Den_Munday,M,Divorced,2/12/1999,"66 Lakewood Dr.  Hartford, CT 06106",
5936246408,Verena_Tubb,F,Divorced,5/15/1985,"8100 Golden Star Street  West Palm Beach, FL 33404",
3811216447,Tiphany_McGreal,F,Single,5/14/1993,"7416 Tanglewood Ave.  Deerfield, IL 60015",
8686917250,Ber_Gerhartz,M,Single,7/6/2000,"44 Lakewood St.  Clifton, NJ 07011",
4611041941,Abraham_Chataignier,F,Single,1/21/1974,"8083 Plumb Branch Ave.  West Deptford, NJ 08096",
5278880809,Danielle_Rospars,F,Single,9/26/1983,"56 Heather Ave.  Fairburn, GA 30213",
9318343272,Bryant_Ramme,F,Single,3/29/2012,"44 Briarwood Dr.  New Castle, PA 16101",
8617702958,Ali_Stanistreet,M,Single,1/18/2009,"7542 Pumpkin Hill Street  Stockbridge, GA 30281",
1443490909,Lory_Watts,F,Single,8/6/2004,"8696 North Bay Lane  Irvington, NJ 07111",
4293735036,Andi_Ciccarelli,F,Single,11/15/2013,"8685 Ohio Ave.  Schaumburg, IL 60193",
7424027291,Emili_Yegorkin,M,Single,10/12/1998,"32 Thompson Dr.  Southfield, MI 48076",
9988569451,Beverlie_Swinden,F,Single,9/22/1993,"97 W. Rockland Lane  Westbury, NY 11590",
8936112977,Darrin_Bollis,F,Single,1/9/2000,"7547 Pacific Ave.  Suwanee, GA 30024",
1268201201,Torey_Butten,M,Single,1/4/1995,"652 South Green Lane  Pittsfield, MA 01201",
7364369171,Glenn_Stansfield,F,Single,4/20/1977,"702 Paris Hill Drive  Minneapolis, MN 55406",
1768566411,Gannon_Padefield,M,Married,9/17/1997,67 Pulaski Road  Apt 3 ,
6841797564,Mariquilla_Fugere,F,Married,7/19/2014,"Baldwin, NY 11510 258 East Prospect Dr. ",
4819983008,Augustine_Vain,M,Married,10/15/1983,"Mcallen, TX 78501 9031 Bayport St. ",
1643848762,Tamma_Viger,F,Married,6/21/2009,"North Brunswick, NJ 08902 32 Lakewood Ave. ",
4506435280,Timi_Spickett,F,Married,2/10/2004,"Fort Wayne, IN 46804 8474 Plymouth Court ",
1609928122,Bernadina_McCumesky,M,Married,6/2/2003,"Livonia, MI 48150 130 Vine Street ",
6539917258,Janessa_Wightman,F,Married,6/11/2008,"Austin, MN 55912 8966 Newcastle Road ",
3304104948,Mirna_Hexham,F,Married,2/9/1986,"Alliance, OH 44601 39 Brandywine Street ",
5375549286,Hamid_Faucherand,F,Married,1/16/1985,"Clinton Township, MI 48035 98 W. Hudson Ave. ",
2617601056,Carver_Franklyn,M,Married,10/31/2004,"Gurnee, IL 60031 24 Brook Street ",
1647962937,Umberto_Colleran,F,Married,1/16/1999,"Sumter, SC 29150 7 Hillside St. ",
4842002562,Lindsey_Hatchell,F,Married,7/12/2004,"Saint Johns, FL 32259 610 Blue Spring Lane ",
5211560396,Paloma_Pitfield,M,Married,3/22/1977,"Mason City, IA 50401 946 Thatcher Drive ",
1009684777,Brnaby_Noke,F,Married,2/16/1991,"Bettendorf, IA 52722 68 West Lawrence St. ",
6611295706,Timmie_Legister,F,Married,12/10/1983,"Fenton, MI 48430 7985 Lower River St. ",
8894008743,Bart_Eloi,M,Married,6/14/1977,"Bayside, NY 11361 39 County Dr. ",
8946939167,Daniel_Ciobotaro,F,Divorced,4/12/1983,"Merrillville, IN 46410 7527 Marsh Ave. ",
5131439762,Robinette_Durham,M,Divorced,7/3/1998,"Dearborn Heights, MI 48127 104 Hamilton St. ",
6287897180,Hurley_Shuxsmith,F,Divorced,7/30/2005,"Mount Airy, MD 21771 592 Heritage Circle ",
7507766329,Verile_Roff,M,Divorced,7/2/1993,"Titusville, FL 32780 8264 Pineknoll St. ",
9495402527,Bjorn_Degnen,F,Divorced,3/1/1976,"Allen Park, MI 48101 542 Gartner Dr. ",
3709211383,Lanny_O'Connel,F,Divorced,5/30/2000,"Little Falls, NJ 07424 378 Holly Drive ",
3184828913,Torie_Aymeric,M,Divorced,11/23/1993,"Saint Albans, NY 11412 712 Marshall Lane ",
4703687839,Cymbre_Yushin,F,Divorced,1/12/2006,"Naugatuck, CT 06770 928 Paris Hill St. ",
1682740800,Carline_Le_Monnier,F,Divorced,4/12/1975,"Grand Haven, MI 49417 97 Old York Lane ",
4143933476,Gwyneth_Greasley,F,Divorced,1/1/1975,"Macungie, PA 18062 8209 Gainsway Drive ",
2482009470,Bevan_Jackalin,M,Divorced,11/20/2004,"Central Islip, NY 11722 25 Buttonwood Street ",
1435586695,Joline_Ratke,F,Divorced,3/11/1997,"Oconomowoc, WI 53066 4 Chestnut Court ",
5085504834,Marlow_Gollard,F,Single,9/29/1976,"Washington, PA 15301 7771 High Ridge Circle ",
8531781198,SLVRte_Freezor,M,Single,6/11/1983,"Crown Point, IN 46307 7541 Campfire Court ",
5467751739,Isidore_Maunders,F,Single,2/18/2005,"Poughkeepsie, NY 12601 192 Whitemarsh St. ",
5231859287,Reggy_Raynor,F,Single,10/4/1985,"Seymour, IN 47274 9257 Cottage St. ",
8195094291,Dannel_Roblou,M,Single,10/8/1988,"Tampa, FL 33604 942 Johnson Dr. ",
2388270504,Rochelle_Dyne,F,Single,8/16/2012,"Quakertown, PA 18951 696 Birch Hill St. ",
5034361480,Ambrose_Kither,M,Single,5/24/2003,"Westport, CT 06880 185 East 4th Dr. ",
1466154600,Genia_Sansbury,F,Single,3/13/1982,"Smyrna, GA 30080 48 Roosevelt St. ",
2978742660,Pippo_Flatt,M,Single,4/30/2015,"Palos Verdes Peninsula, CA 90274 684 Harrison Street ",
6479472587,Kariotta_Wingrove,F,Single,5/13/1983,"Lansing, MI 48910 429 South Street ",
3581499938,Pietrek_Sweetland,F,Single,1/27/2002,"Liverpool, NY 13090 8032 SE. Augusta Ave. ",
6679457813,Paige_Biasioni,M,Single,7/26/1991,"Ringgold, GA 30736 55 Charles Street ",
3817568953,Ed_Chelley,F,Single,10/12/2009,"Wellington, FL 33414 530 Warren Ave. ",
3063528371,Reece_Burnsyde,F,Single,3/30/1977,"Cockeysville, MD 21030 7171 Manchester St. ",
5287628197,Lillis_Luetkemeyers,F,Single,6/30/1999,"Maryville, TN 37803 999 Wild Horse Street ",
5914224585,Adrea_Hindhaugh,M,Single,10/24/1982,"Round Lake, IL 60073 3 Campfire Rd. ",
4581100850,Farra_Postles,F,Married,6/22/1988,"Altoona, PA 16601 641 Roberts Road ",
4692970711,Fin_Howden,F,Married,11/9/2013,"Hanover Park, IL 60133 743 Tunnel Ave. ",
6986663119,Adlai_Nelsen,M,Married,9/17/2000,"Belleville, NJ 07109 30 Water St. ",
8484994603,Bambi_Clewes,F,Married,3/30/1992,"Lake Charles, LA 70605 8735 Heritage Dr. ",
